project_id,actual_end_date,actual_start_date,coe,cost_center,description,engagement_type,expected_end_date,expected_start_date,name,services_type,status,sub_services_type,work_location,project_type,service_type
92,,,RELIABILITY_ENGINEERING,INDIA,Airtel QA,TNM,00:00.0,00:00.0,Airtel Testing,,ACTIVE,,OFFSHORE,CUSTOMER,
42,,,DESIGN_DEVELOPMENT,INDIA,iLink,TNM,00:00.0,00:00.0,iLink BI,,ACTIVE,,OFFSHORE,CUSTOMER,
1,,,RELIABILITY_ENGINEERING,INDIA,A4 Services,TNM,00:00.0,00:00.0,A4 Services,,ACTIVE,,OFFSHORE,ASSET,
64,,,DESIGN_DEVELOPMENT,INDIA,Engage Marketing Inc.,TNM,00:00.0,00:00.0,Engage Marketing Inc.,,ACTIVE,,OFFSHORE,CUSTOMER,
69,,,RELIABILITY_ENGINEERING,INDIA,Kristal AI - QA,TNM,00:00.0,00:00.0,Kristal AI - QA,,ACTIVE,,OFFSHORE,CUSTOMER,
23,,,RELIABILITY_ENGINEERING,INDIA,Leave,TNM,00:00.0,00:00.0,Leave,,ACTIVE,,OFFSHORE,ASSET,
25,,,DESIGN_DEVELOPMENT,INDIA,Management,TNM,00:00.0,00:00.0,Management,,ACTIVE,,OFFSHORE,ASSET,
26,,,DESIGN_DEVELOPMENT,INDIA,Marchex (C.Cloud),TNM,00:00.0,00:00.0,Marchex (C.Cloud),,ACTIVE,,OFFSHORE,CUSTOMER,
70,,,DESIGN_DEVELOPMENT,INDIA,Marchex (Cloud/Kubernetes Migration),TNM,00:00.0,00:00.0,Marchex (Cloud/Kubernetes Migration),,ACTIVE,,OFFSHORE,CUSTOMER,
27,,,RELIABILITY_ENGINEERING,INDIA,Marchex (IT Team),TNM,00:00.0,00:00.0,Marchex (IT Team),,ACTIVE,,OFFSHORE,CUSTOMER,
29,,,DESIGN_DEVELOPMENT,INDIA,Marchex (Media Team),TNM,00:00.0,00:00.0,Marchex (Media Team),,ACTIVE,,OFFSHORE,CUSTOMER,
28,,,DESIGN_DEVELOPMENT,INDIA,Marchex (Maintenance),TNM,00:00.0,00:00.0,Marchex (Sustenance),,ACTIVE,,ONSITE,CUSTOMER,
95,,,RELIABILITY_ENGINEERING,INDIA,MontyCloud,TNM,00:00.0,00:00.0,MontyCloud,,ACTIVE,,OFFSHORE,CUSTOMER,
30,,,DESIGN_DEVELOPMENT,INDIA,Nebbiolo,TNM,00:00.0,00:00.0,Nebbiolo,,ACTIVE,,OFFSHORE,CUSTOMER,
31,,,RELIABILITY_ENGINEERING,INDIA,NetApp,TNM,00:00.0,00:00.0,NetApp,,ACTIVE,,OFFSHORE,CUSTOMER,
99,,,DESIGN_DEVELOPMENT,INDIA,Nextenture,TNM,00:00.0,00:00.0,Nextenture,,ACTIVE,,OFFSHORE,CUSTOMER,
73,,,RELIABILITY_ENGINEERING,INDIA,Peach,TNM,00:00.0,00:00.0,Peach,,ACTIVE,,OFFSHORE,CUSTOMER,
75,,,DESIGN_DEVELOPMENT,INDIA,Pokemon,TNM,00:00.0,00:00.0,Pokemon,,ACTIVE,,OFFSHORE,CUSTOMER,
32,,,DESIGN_DEVELOPMENT,INDIA,Prescryptive Health,TNM,00:00.0,00:00.0,Prescryptive Health,,ACTIVE,,OFFSHORE,CUSTOMER,
76,,,DESIGN_DEVELOPMENT,INDIA,PSterling - Web Development,TNM,00:00.0,00:00.0,PSterling - Web Development,,ACTIVE,,OFFSHORE,CUSTOMER,
34,,,DESIGN_DEVELOPMENT,INDIA,Raw Engineering,TNM,00:00.0,00:00.0,Raw Engineering,,ACTIVE,,OFFSHORE,CUSTOMER,
37,,,RELIABILITY_ENGINEERING,INDIA,Samaritan,TNM,00:00.0,00:00.0,Samaritan,,ACTIVE,,OFFSHORE,CUSTOMER,
39,,,RELIABILITY_ENGINEERING,INDIA,Starfish,TNM,00:00.0,00:00.0,Starfish,,ACTIVE,,OFFSHORE,CUSTOMER,
40,,,RELIABILITY_ENGINEERING,INDIA,Stellus,TNM,00:00.0,00:00.0,Stellus,,ACTIVE,,OFFSHORE,CUSTOMER,
41,,,RELIABILITY_ENGINEERING,INDIA,Swiftstack,TNM,00:00.0,00:00.0,Swiftstack,,ACTIVE,,OFFSHORE,CUSTOMER,
96,,,DESIGN_DEVELOPMENT,INDIA,TBDII,TNM,00:00.0,00:00.0,TBDII,,ACTIVE,,OFFSHORE,ASSET,
43,,,RELIABILITY_ENGINEERING,INDIA,Trial Scope,TNM,00:00.0,00:00.0,Trial Scope,,ACTIVE,,OFFSHORE,CUSTOMER,
44,,,RELIABILITY_ENGINEERING,INDIA,Trilio Data,TNM,00:00.0,00:00.0,Trilio Data,,ACTIVE,,OFFSHORE,CUSTOMER,
45,,,RELIABILITY_ENGINEERING,INDIA,Unitrends,TNM,00:00.0,00:00.0,Unitrends,,ACTIVE,,OFFSHORE,CUSTOMER,
53,,,RELIABILITY_ENGINEERING,INDIA,Appzen,TNM,00:00.0,00:00.0,Appzen,,ACTIVE,,ONSITE_OFFSHORE,CUSTOMER,
58,,,RELIABILITY_ENGINEERING,INDIA,iLink,TNM,00:00.0,00:00.0,iLink DevOps,,ACTIVE,,ONSITE_OFFSHORE,CUSTOMER,
33,,,RELIABILITY_ENGINEERING,INDIA,PubMatic,TNM,00:00.0,00:00.0,PubMatic,,ACTIVE,,ONSITE_OFFSHORE,CUSTOMER,
47,,,RELIABILITY_ENGINEERING,INDIA,Vuclip,TNM,00:00.0,00:00.0,Vuclip,,ACTIVE,,ONSITE_OFFSHORE,CUSTOMER,
46,,,DESIGN_DEVELOPMENT,INDIA,Volkswagen,TNM,00:00.0,00:00.0,Volkswagen,,ACTIVE,,ONSITE_OFFSHORE,CUSTOMER,
108,,,DESIGN_DEVELOPMENT,INDIA,AFour Website,TNM,00:00.0,00:00.0,AFour Website,,ACTIVE,,OFFSHORE,ASSET,
115,,,DESIGN_DEVELOPMENT,INDIA,A4CloudStack,TNM,00:00.0,00:00.0,A4CloudStack,,ACTIVE,,OFFSHORE,ASSET,
116,,,DESIGN_DEVELOPMENT,INDIA,Shoptimize,TNM,00:00.0,00:00.0,Shoptimize,,ACTIVE,,OFFSHORE,ASSET,
132,,,DESIGN_DEVELOPMENT,INDIA,Training Portal,TNM,00:00.0,00:00.0,Training Portal,,ACTIVE,,OFFSHORE,ASSET,
135,,,DESIGN_DEVELOPMENT,INDIA,Kloojj,TNM,00:00.0,00:00.0,Kloojj,,ACTIVE,,OFFSHORE,CUSTOMER,
36,,,RELIABILITY_ENGINEERING,INDIA,Root Metrics,TNM,00:00.0,00:00.0,Root Metrics,,ACTIVE,,OFFSHORE,CUSTOMER,
112,,,DESIGN_DEVELOPMENT,INDIA,Harmonic,TNM,00:00.0,00:00.0,Harmonic,,ACTIVE,,OFFSHORE,CUSTOMER,
117,,,DESIGN_DEVELOPMENT,INDIA,Zscaler,TNM,00:00.0,00:00.0,Zscaler,,ACTIVE,,OFFSHORE,CUSTOMER,
119,,,DESIGN_DEVELOPMENT,INDIA,Logitech - PM,TNM,00:00.0,00:00.0,Logitech - PM,,ACTIVE,,OFFSHORE,CUSTOMER,
123,,,DESIGN_DEVELOPMENT,INDIA,Solution Dynamics,TNM,00:00.0,00:00.0,Solution Dynamics,,ACTIVE,,OFFSHORE,CUSTOMER,
128,,,DESIGN_DEVELOPMENT,INDIA,Zenoti CS,TNM,00:00.0,00:00.0,Zenoti-CS,,ACTIVE,,OFFSHORE,CUSTOMER,
138,,,DESIGN_DEVELOPMENT,INDIA,MindStreet,TNM,00:00.0,00:00.0,MindStreet,,ACTIVE,,OFFSHORE,CUSTOMER,
141,,,DESIGN_DEVELOPMENT,INDIA,RATS,TNM,00:00.0,00:00.0,RATS,,ACTIVE,,OFFSHORE,CUSTOMER,
144,,,DESIGN_DEVELOPMENT,INDIA,VSP,TNM,00:00.0,00:00.0,VSP,,ACTIVE,,OFFSHORE,CUSTOMER,
148,,,DESIGN_DEVELOPMENT,INDIA,Glossier,TNM,00:00.0,00:00.0,Glossier,,ACTIVE,,OFFSHORE,CUSTOMER,
153,,,DESIGN_DEVELOPMENT,INDIA,Stockl.com,TNM,00:00.0,00:00.0,Stockl.com,,ACTIVE,,OFFSHORE,CUSTOMER,
154,,,DESIGN_DEVELOPMENT,INDIA,Intuitive Surgical - Peachtree and Mexicali,TNM,00:00.0,00:00.0,Intuitive Surgical - Peachtree and Mexicali,,ACTIVE,,OFFSHORE,CUSTOMER,
155,,,DESIGN_DEVELOPMENT,INDIA,Kristal AI – DevOps,TNM,00:00.0,00:00.0,Kristal AI – DevOps,,ACTIVE,,OFFSHORE,CUSTOMER,
87,,,DESIGN_DEVELOPMENT,INDIA,K8S Monitorig Tool,TNM,00:00.0,00:00.0,K8S Monitorig Tool,,ACTIVE,,OFFSHORE,ASSET,
89,,,DESIGN_DEVELOPMENT,INDIA,VMS,TNM,00:00.0,00:00.0,VMS,,ACTIVE,,OFFSHORE,ASSET,
7,,,RELIABILITY_ENGINEERING,INDIA,Bench,TNM,00:00.0,00:00.0,Bench,,ACTIVE,,OFFSHORE,ASSET,
3,,,DESIGN_DEVELOPMENT,INDIA,Airlift,TNM,00:00.0,00:00.0,Airlift,,ACTIVE,,OFFSHORE,CUSTOMER,
90,,,DESIGN_DEVELOPMENT,INDIA,Boom Learning,TNM,00:00.0,00:00.0,Boom Learning,,ACTIVE,,OFFSHORE,CUSTOMER,
8,,,RELIABILITY_ENGINEERING,INDIA,Business,TNM,00:00.0,00:00.0,Business,,ACTIVE,,OFFSHORE,CUSTOMER,
9,,,DESIGN_DEVELOPMENT,INDIA,Convoy,TNM,00:00.0,00:00.0,Convoy,,ACTIVE,,OFFSHORE,CUSTOMER,
13,,,RELIABILITY_ENGINEERING,INDIA,Goliath Technologies,TNM,00:00.0,00:00.0,Goliath Technologies,,ACTIVE,,OFFSHORE,CUSTOMER,
14,,,RELIABILITY_ENGINEERING,INDIA,IBH-Dev,TNM,00:00.0,00:00.0,IBH-Dev,,ACTIVE,,ONSITE_OFFSHORE,CUSTOMER,
110,,,DESIGN_DEVELOPMENT,INDIA,ABS Testing,TNM,00:00.0,00:00.0,ABS Testing,,ACTIVE,,OFFSHORE,CUSTOMER,
19,,,RELIABILITY_ENGINEERING,INDIA,Intuitive Surgical (LMS),TNM,00:00.0,00:00.0,Intuitive Surgical (LMS),,ACTIVE,,OFFSHORE,CUSTOMER,
20,,,RELIABILITY_ENGINEERING,INDIA,Intuitive Surgical (Run Rate),TNM,00:00.0,00:00.0,Intuitive Surgical (Run Rate),,ACTIVE,,OFFSHORE,CUSTOMER,
100,,,DESIGN_DEVELOPMENT,INDIA,MIS,TNM,00:00.0,00:00.0,MIS,,ACTIVE,,OFFSHORE,ASSET,
93,,,RELIABILITY_ENGINEERING,INDIA,Offer Up,TNM,00:00.0,00:00.0,Offer Up,,ACTIVE,,OFFSHORE,CUSTOMER,
86,,,DESIGN_DEVELOPMENT,INDIA,Snapshot Generation,TNM,00:00.0,00:00.0,Snapshot Generation,,ACTIVE,,OFFSHORE,CUSTOMER,
97,,,DESIGN_DEVELOPMENT,INDIA,Zinier,TNM,00:00.0,00:00.0,Zinier,,ACTIVE,,OFFSHORE,CUSTOMER,
12,,,DESIGN_DEVELOPMENT,INDIA,Fixstream,TNM,00:00.0,00:00.0,Fixstream,,ACTIVE,,ONSITE_OFFSHORE,CUSTOMER,
2,,,DESIGN_DEVELOPMENT,INDIA,AFour Mobile App,TNM,00:00.0,00:00.0,AFour Mobile App,,ACTIVE,,OFFSHORE,ASSET,
4,,,RELIABILITY_ENGINEERING,INDIA,Airtel UX,TNM,00:00.0,00:00.0,Airtel UX,,ACTIVE,,OFFSHORE,CUSTOMER,
5,,,DESIGN_DEVELOPMENT,INDIA,Akasia,TNM,00:00.0,00:00.0,Akasia,,ACTIVE,,OFFSHORE,CUSTOMER,
6,,,DESIGN_DEVELOPMENT,INDIA,Automation training,TNM,00:00.0,00:00.0,Automation training,,ACTIVE,,OFFSHORE,ASSET,
10,,,RELIABILITY_ENGINEERING,INDIA,ExtraHop DevOps,TNM,00:00.0,00:00.0,ExtraHop DevOps,,ACTIVE,,OFFSHORE,CUSTOMER,
11,,,RELIABILITY_ENGINEERING,INDIA,ExtraHop QA,TNM,00:00.0,00:00.0,ExtraHop QA,,ACTIVE,,OFFSHORE,CUSTOMER,
15,,,RELIABILITY_ENGINEERING,INDIA,IBH-SysOps,TNM,00:00.0,00:00.0,IBH-SysOps,,ACTIVE,,OFFSHORE,CUSTOMER,
17,,,RELIABILITY_ENGINEERING,INDIA,Intelligent Testing,TNM,00:00.0,00:00.0,Intelligent Testing,,ACTIVE,,OFFSHORE,ASSET,
18,,,RELIABILITY_ENGINEERING,INDIA,Intuitive Surgical (Ariba),TNM,00:00.0,00:00.0,Intuitive Surgical (Ariba),,ACTIVE,,OFFSHORE,CUSTOMER,
21,,,RELIABILITY_ENGINEERING,INDIA,Intuitive Surgical (S&Op),TNM,00:00.0,00:00.0,Intuitive Surgical (S&Op),,ACTIVE,,OFFSHORE,CUSTOMER,
55,,,DESIGN_DEVELOPMENT,INDIA,QMS,TNM,00:00.0,00:00.0,QMS,,ACTIVE,,OFFSHORE,ASSET,
57,,,RELIABILITY_ENGINEERING,INDIA,FinOps,TNM,00:00.0,00:00.0,FinOps,,ACTIVE,,OFFSHORE,ASSET,
16,,,RELIABILITY_ENGINEERING,INDIA,IBM,TNM,00:00.0,00:00.0,IBM,,ACTIVE,,ONSITE_OFFSHORE,CUSTOMER,
88,,,DESIGN_DEVELOPMENT,INDIA,LHCM,TNM,00:00.0,00:00.0,LHCM,,ACTIVE,,OFFSHORE,ASSET,
120,,,DESIGN_DEVELOPMENT,INDIA,Interview Management,TNM,00:00.0,00:00.0,Interview Management,,ACTIVE,,OFFSHORE,ASSET,
149,,,DESIGN_DEVELOPMENT,INDIA,Test Automation Framework Generator,TNM,00:00.0,00:00.0,Test Automation Framework Generator,,ACTIVE,,OFFSHORE,ASSET,
130,,,DESIGN_DEVELOPMENT,INDIA,Maontoe,TNM,00:00.0,00:00.0,Maontoe,,ACTIVE,,OFFSHORE,ASSET,
156,,,DESIGN_DEVELOPMENT,INDIA,POC,TNM,00:00.0,00:00.0,POC,,ACTIVE,,OFFSHORE,ASSET,
103,,,DESIGN_DEVELOPMENT,INDIA,Lynx,TNM,00:00.0,00:00.0,Lynx,,ACTIVE,,OFFSHORE,CUSTOMER,
106,,,DESIGN_DEVELOPMENT,INDIA,Zinier Jira Integration,TNM,00:00.0,00:00.0,Zinier Jira Integration,,ACTIVE,,OFFSHORE,CUSTOMER,
109,,,DESIGN_DEVELOPMENT,INDIA,ABS UI Development,TNM,00:00.0,00:00.0,ABS Development,,ACTIVE,,OFFSHORE,CUSTOMER,
118,,,DESIGN_DEVELOPMENT,INDIA,Zinier Solution Accelerator,TNM,00:00.0,00:00.0,Zinier Solution Accelerator,,ACTIVE,,OFFSHORE,CUSTOMER,
121,,,DESIGN_DEVELOPMENT,INDIA,Uguru,TNM,00:00.0,00:00.0,Uguru,,ACTIVE,,OFFSHORE,CUSTOMER,
124,,,DESIGN_DEVELOPMENT,INDIA,Content Stack,TNM,00:00.0,00:00.0,Content Stack,,ACTIVE,,OFFSHORE,CUSTOMER,
125,,,DESIGN_DEVELOPMENT,INDIA,Everchron ,TNM,00:00.0,00:00.0,Everchron ,,ACTIVE,,OFFSHORE,CUSTOMER,
129,,,DESIGN_DEVELOPMENT,INDIA,Finagraph,TNM,00:00.0,00:00.0,Finagraph,,ACTIVE,,OFFSHORE,CUSTOMER,
133,,,DESIGN_DEVELOPMENT,INDIA,Resolve.IO,TNM,00:00.0,00:00.0,Resolve.IO,,ACTIVE,,OFFSHORE,CUSTOMER,
136,,,DESIGN_DEVELOPMENT,INDIA,Convoy- New,TNM,00:00.0,00:00.0,Convoy- New,,ACTIVE,,OFFSHORE,CUSTOMER,
139,,,DESIGN_DEVELOPMENT,INDIA,SIEM,TNM,00:00.0,00:00.0,SIEM,,ACTIVE,,OFFSHORE,CUSTOMER,
142,,,DESIGN_DEVELOPMENT,INDIA,Llocality,TNM,00:00.0,00:00.0,Llocality,,ACTIVE,,OFFSHORE,CUSTOMER,
145,,,DESIGN_DEVELOPMENT,INDIA,Platform9,TNM,00:00.0,00:00.0,Platform9,,ACTIVE,,OFFSHORE,CUSTOMER,
158,,,DESIGN_DEVELOPMENT,INDIA,Resolve Web,TNM,00:00.0,00:00.0,Resolve Web,,ACTIVE,,OFFSHORE,CUSTOMER,
159,,,DESIGN_DEVELOPMENT,INDIA,SSTO,TNM,00:00.0,00:00.0,SSTO,,ACTIVE,,OFFSHORE,CUSTOMER,
160,,,DESIGN_DEVELOPMENT,INDIA,Resolve Cloud,TNM,00:00.0,00:00.0,Resolve Cloud,,ACTIVE,,OFFSHORE,CUSTOMER,
162,,,DESIGN_DEVELOPMENT,INDIA,Data Analytics,TNM,00:00.0,00:00.0,Data Analytics,,ACTIVE,,OFFSHORE,CUSTOMER,
22,,,DESIGN_DEVELOPMENT,INDIA,Lavoro Technologies,TNM,00:00.0,00:00.0,Lavoro Technologies,,ACTIVE,,OFFSHORE,CUSTOMER,
24,,,RELIABILITY_ENGINEERING,INDIA,Logitech,TNM,00:00.0,00:00.0,Logitech,,ACTIVE,,OFFSHORE,CUSTOMER,
35,,,RELIABILITY_ENGINEERING,INDIA,Root Metrics IOT,TNM,00:00.0,00:00.0,Root Metrics IOT,,ACTIVE,,ONSITE,CUSTOMER,
38,,,DESIGN_DEVELOPMENT,INDIA,Security,TNM,00:00.0,00:00.0,Security,,ACTIVE,,OFFSHORE,ASSET,
49,,,RELIABILITY_ENGINEERING,INDIA,Intuitive Surgical (LMS Mobile),TNM,00:00.0,00:00.0,Intuitive Surgical (LMS Mobile),,ACTIVE,,OFFSHORE,CUSTOMER,
48,,,RELIABILITY_ENGINEERING,INDIA,Kristal AI,TNM,00:00.0,00:00.0,Kristal AI - Data,,ACTIVE,,OFFSHORE,CUSTOMER,
54,,,RELIABILITY_ENGINEERING,INDIA,Performance review system,TNM,00:00.0,30:00.0,YMS,,ACTIVE,,ONSITE,ASSET,
56,,,RELIABILITY_ENGINEERING,INDIA,Kristal Security,TNM,00:00.0,00:00.0,Kristal AI - Security,,ACTIVE,,OFFSHORE,CUSTOMER,
61,,,DESIGN_DEVELOPMENT,INDIA,Altizon,TNM,00:00.0,00:00.0,Altizon,,ACTIVE,,OFFSHORE,CUSTOMER,
62,,,RELIABILITY_ENGINEERING,INDIA,Delphialogic,TNM,00:00.0,00:00.0,Delphialogic,,ACTIVE,,OFFSHORE,CUSTOMER,
63,,,RELIABILITY_ENGINEERING,INDIA,Druva,TNM,00:00.0,00:00.0,Druva,,ACTIVE,,OFFSHORE,CUSTOMER,
65,,,RELIABILITY_ENGINEERING,INDIA,ExtraHop Dev,TNM,00:00.0,00:00.0,ExtraHop Dev,,ACTIVE,,OFFSHORE,CUSTOMER,
66,,,RELIABILITY_ENGINEERING,INDIA,Hackathon website,TNM,00:00.0,00:00.0,Hackathon website,,ACTIVE,,OFFSHORE,ASSET,
67,,,RELIABILITY_ENGINEERING,INDIA,Intuitive Sugical (Services Now),TNM,00:00.0,00:00.0,Intuitive Sugical (Services Now),,ACTIVE,,OFFSHORE,CUSTOMER,
68,,,RELIABILITY_ENGINEERING,INDIA,Intuitive Surgical (LMS Web),TNM,00:00.0,00:00.0,Intuitive Surgical (LMS Web),,ACTIVE,,OFFSHORE,CUSTOMER,
71,,,DESIGN_DEVELOPMENT,INDIA,Numino Labs - BI,TNM,00:00.0,00:00.0,Numino Labs - BI,,ACTIVE,,OFFSHORE,CUSTOMER,
72,,,RELIABILITY_ENGINEERING,INDIA,Numino Labs - DevOps,TNM,00:00.0,00:00.0,Numino Labs - DevOps,,ACTIVE,,OFFSHORE,CUSTOMER,
77,,,DESIGN_DEVELOPMENT,INDIA,PWA,TNM,00:00.0,00:00.0,PWA,,ACTIVE,,OFFSHORE,ASSET,
74,,,RELIABILITY_ENGINEERING,INDIA,Pitney Bowes,TNM,00:00.0,00:00.0,Pitney Bowse,,ACTIVE,,OFFSHORE,CUSTOMER,
52,,,RELIABILITY_ENGINEERING,INDIA,Presales Activity,TNM,00:00.0,30:00.0,Presales,,ACTIVE,,OFFSHORE,ASSET,
60,,,DESIGN_DEVELOPMENT,INDIA,Employee Info,TNM,00:00.0,00:00.0,A4 Services-Employee Info,,ACTIVE,,OFFSHORE,ASSET,
59,,,DESIGN_DEVELOPMENT,INDIA,iLink,TNM,00:00.0,00:00.0,iLink Dev,,ACTIVE,,OFFSHORE,CUSTOMER,
78,,,RELIABILITY_ENGINEERING,INDIA,Radio Logics,TNM,00:00.0,00:00.0,Radio Logics,,ACTIVE,,OFFSHORE,CUSTOMER,
80,,,DESIGN_DEVELOPMENT,INDIA,Training Assessment Project,TNM,00:00.0,00:00.0,Training Assessment Project,,ACTIVE,,OFFSHORE,ASSET,
81,,,DESIGN_DEVELOPMENT,INDIA,UI/UX,TNM,00:00.0,00:00.0,UI/UX,,ACTIVE,,OFFSHORE,ASSET,
82,,,RELIABILITY_ENGINEERING,INDIA,xNAT,TNM,00:00.0,00:00.0,xNAT,,ACTIVE,,OFFSHORE,CUSTOMER,
83,,,RELIABILITY_ENGINEERING,INDIA,xNAT-Phase 2,TNM,00:00.0,00:00.0,xNAT-Phase 2,,ACTIVE,,OFFSHORE,CUSTOMER,
84,,,DESIGN_DEVELOPMENT,INDIA,xNAT-POC,TNM,00:00.0,00:00.0,xNAT-POC,,ACTIVE,,OFFSHORE,CUSTOMER,
85,,,DESIGN_DEVELOPMENT,INDIA,Non-Engineering,TNM,00:00.0,00:00.0,Non-Engineering,,ACTIVE,,OFFSHORE,CUSTOMER,
79,,,RELIABILITY_ENGINEERING,INDIA,iLink,TNM,00:00.0,00:00.0,iLink QA,,ACTIVE,,OFFSHORE,CUSTOMER,
94,,,RELIABILITY_ENGINEERING,INDIA,SYSS,TNM,00:00.0,00:00.0,SYSS,,ACTIVE,,OFFSHORE,CUSTOMER,
91,,,DESIGN_DEVELOPMENT,INDIA,Resume Scanner,TNM,00:00.0,00:00.0,Resume Scanner,,ACTIVE,,OFFSHORE,ASSET,
102,,,DESIGN_DEVELOPMENT,INDIA,XNAT CSV And DICOM,TNM,00:00.0,00:00.0,XNAT CSV And DICOM,,ACTIVE,,OFFSHORE,CUSTOMER,
111,,,DESIGN_DEVELOPMENT,INDIA,Aconnect,TNM,00:00.0,00:00.0,Aconnect,,ACTIVE,,OFFSHORE,ASSET,
114,,,DESIGN_DEVELOPMENT,INDIA,Resume Builder,TNM,00:00.0,00:00.0,Resume Builder,,ACTIVE,,OFFSHORE,ASSET,
126,,,DESIGN_DEVELOPMENT,INDIA,Ticket Management System,TNM,00:00.0,00:00.0,Ticket Management System,,ACTIVE,,OFFSHORE,ASSET,
127,,,DESIGN_DEVELOPMENT,INDIA,ERP Admin,TNM,00:00.0,00:00.0,ERP Admin,,ACTIVE,,OFFSHORE,ASSET,
131,,,DESIGN_DEVELOPMENT,INDIA,Intech Olympiad,TNM,00:00.0,00:00.0,Intech Olympiad,,ACTIVE,,OFFSHORE,ASSET,
140,,,DESIGN_DEVELOPMENT,INDIA,TTTtech,TNM,00:00.0,00:00.0,TTTtech,,ACTIVE,,OFFSHORE,CUSTOMER,
137,,,DESIGN_DEVELOPMENT,INDIA,Internal Projects - DevOps,TNM,00:00.0,00:00.0,Internal Projects - DevOps,,ACTIVE,,OFFSHORE,ASSET,
165,,,DESIGN_DEVELOPMENT,INDIA,AI_ML,TNM,00:00.0,00:00.0,AI_ML,,ACTIVE,,OFFSHORE,ASSET,
98,,,DESIGN_DEVELOPMENT,INDIA,Oracle HCM,TNM,00:00.0,00:00.0,Intuitive Surgical (Oracle HCM),,ACTIVE,,OFFSHORE,CUSTOMER,
101,,,DESIGN_DEVELOPMENT,INDIA,Appsplit,TNM,00:00.0,00:00.0,Appsplit,,ACTIVE,,OFFSHORE,CUSTOMER,
104,,,DESIGN_DEVELOPMENT,INDIA,XNAT DataIntakeService,TNM,00:00.0,00:00.0,XNAT DataIntakeService,,ACTIVE,,OFFSHORE,CUSTOMER,
105,,,DESIGN_DEVELOPMENT,INDIA,QAccelerator,TNM,00:00.0,00:00.0,QAccelerator,,ACTIVE,,OFFSHORE,CUSTOMER,
107,,,RELIABILITY_ENGINEERING,INDIA,DevOps - Internal Systems,TNM,00:00.0,00:00.0,DevOps - Internal Systems,,ACTIVE,,OFFSHORE,CUSTOMER,
113,,,DESIGN_DEVELOPMENT,INDIA,XAPI Interface Development,TNM,00:00.0,00:00.0,XAPI Interface Development,,ACTIVE,,OFFSHORE,CUSTOMER,
122,,,DESIGN_DEVELOPMENT,INDIA,Intuitive Surgical (Zoom Automation),TNM,00:00.0,00:00.0,Intuitive Surgical (Zoom Automation),,ACTIVE,,OFFSHORE,CUSTOMER,
134,,,DESIGN_DEVELOPMENT,INDIA,Zenoti ENgineering,TNM,00:00.0,00:00.0,Zenoti - Engg,,ACTIVE,,OFFSHORE,CUSTOMER,
143,,,DESIGN_DEVELOPMENT,INDIA,Zenoti Data,TNM,00:00.0,00:00.0,Zenoti Data,,ACTIVE,,OFFSHORE,CUSTOMER,
146,,,DESIGN_DEVELOPMENT,INDIA,Zinier - DevOps,TNM,00:00.0,00:00.0,Zinier - DevOps,,ACTIVE,,OFFSHORE,CUSTOMER,
147,,,DESIGN_DEVELOPMENT,INDIA,Intuitive Surgical - SSR,TNM,00:00.0,00:00.0,Intuitive Surgical - SSR,,ACTIVE,,OFFSHORE,CUSTOMER,
150,,,DESIGN_DEVELOPMENT,INDIA,Intuitive Surgical - ABAM Automation,TNM,00:00.0,00:00.0,Intuitive Surgical - ABAM Automation,,ACTIVE,,OFFSHORE,CUSTOMER,
151,,,DESIGN_DEVELOPMENT,INDIA,Intuitive Surgical - ION,TNM,00:00.0,00:00.0,Intuitive Surgical - ION,,ACTIVE,,OFFSHORE,CUSTOMER,
152,,,DESIGN_DEVELOPMENT,INDIA,Vivid Mobile,TNM,00:00.0,00:00.0,Vivid Mobile,,ACTIVE,,OFFSHORE,CUSTOMER,
157,,,DESIGN_DEVELOPMENT,INDIA,Kristal AI - Dev,TNM,00:01.0,00:01.0,Kristal AI - Dev,,ACTIVE,,OFFSHORE,CUSTOMER,
161,,,DESIGN_DEVELOPMENT,INDIA,Cloudware solutions,TNM,00:00.0,00:00.0,Cloudware solutions,,ACTIVE,,OFFSHORE,CUSTOMER,
163,,,DESIGN_DEVELOPMENT,INDIA,GeminiHealth,TNM,00:00.0,00:00.0,GeminiHealth,,ACTIVE,,OFFSHORE,CUSTOMER,
164,,,DESIGN_DEVELOPMENT,INDIA,Regedge,TNM,00:00.0,00:00.0,Regedge,,ACTIVE,,OFFSHORE,CUSTOMER,
166,,,DESIGN_DEVELOPMENT,INDIA,Marchex,TNM,00:01.0,00:01.0,Marchex,,ACTIVE,,OFFSHORE,CUSTOMER,
167,,,DESIGN_DEVELOPMENT,INDIA,Marchex – Archenia,TNM,00:02.0,00:02.0,Marchex – Archenia,,ACTIVE,,OFFSHORE,CUSTOMER,
168,,,DESIGN_DEVELOPMENT,INDIA,Marchex – Data Platform,TNM,00:03.0,00:03.0,Marchex – Data Platform,,ACTIVE,,OFFSHORE,CUSTOMER,
169,,,DESIGN_DEVELOPMENT,INDIA,Marchex – Infra Support,TNM,00:04.0,00:04.0,Marchex – Infra Support,,ACTIVE,,OFFSHORE,CUSTOMER,
170,,,DESIGN_DEVELOPMENT,INDIA,Marchex – MC2,TNM,00:05.0,00:05.0,Marchex – MC2,,ACTIVE,,OFFSHORE,CUSTOMER,
171,,,DESIGN_DEVELOPMENT,INDIA,Convoy – EDI,TNM,00:06.0,00:06.0,Convoy – EDI,,ACTIVE,,OFFSHORE,CUSTOMER,
172,,,DESIGN_DEVELOPMENT,INDIA,Convoy – DSX,TNM,00:07.0,00:07.0,Convoy – DSX,,ACTIVE,,OFFSHORE,CUSTOMER,
173,,,DESIGN_DEVELOPMENT,INDIA,Convoy – Data Platform,TNM,00:08.0,00:08.0,Convoy – Data Platform,,ACTIVE,,OFFSHORE,CUSTOMER,
174,,,DESIGN_DEVELOPMENT,INDIA,Convoy – S2,TNM,00:09.0,00:09.0,Convoy – S2,,ACTIVE,,OFFSHORE,CUSTOMER,
175,,,DESIGN_DEVELOPMENT,INDIA,Marchex – Nexla,TNM,00:10.0,00:10.0,Marchex – Nexla,,ACTIVE,,OFFSHORE,CUSTOMER,
176,,,DESIGN_DEVELOPMENT,INDIA,Marchex – OCPS,TNM,00:10.0,00:10.0,Marchex – OCPS,,ACTIVE,,OFFSHORE,CUSTOMER,
177,,,DESIGN_DEVELOPMENT,INDIA,Ambit,TNM,00:11.0,00:11.0,Ambit,,ACTIVE,,OFFSHORE,CUSTOMER,
178,,,DESIGN_DEVELOPMENT,INDIA,Reflexis – Zebra,TNM,00:12.0,00:12.0,Reflexis – Zebra,,ACTIVE,,OFFSHORE,CUSTOMER,
179,,,DESIGN_DEVELOPMENT,INDIA,Glossier – Dev,TNM,00:13.0,00:13.0,Glossier – Dev,,ACTIVE,,OFFSHORE,CUSTOMER,
180,,,DESIGN_DEVELOPMENT,INDIA,Convoy – QA,TNM,00:14.0,00:14.0,Convoy – QA,,ACTIVE,,OFFSHORE,CUSTOMER,
181,,,DESIGN_DEVELOPMENT,INDIA,Convoy – Boomi,TNM,00:15.0,00:15.0,Convoy – Boomi,,ACTIVE,,OFFSHORE,CUSTOMER,
182,,,DESIGN_DEVELOPMENT,INDIA,Training Academy,TNM,00:15.0,00:15.0,Training Academy,,ACTIVE,,OFFSHORE,ASSET,
183,,,DESIGN_DEVELOPMENT,INDIA,AI/ML,TNM,00:15.0,00:15.0,AI/ML,,ACTIVE,,OFFSHORE,ASSET,
184,,,DESIGN_DEVELOPMENT,INDIA,AFourathon,TNM,00:15.0,00:15.0,AFourathon,,ACTIVE,,OFFSHORE,ASSET,
185,,,DESIGN_DEVELOPMENT,INDIA,TheWaves,TNM,00:15.0,00:15.0,TheWaves,,ACTIVE,,OFFSHORE,ASSET,
186,,,DESIGN_DEVELOPMENT,INDIA,Exit System,TNM,00:15.0,00:15.0,Exit System,,ACTIVE,,OFFSHORE,ASSET,
187,,,DESIGN_DEVELOPMENT,INDIA,TMS V2,TNM,00:15.0,00:15.0,TMS V2,,ACTIVE,,OFFSHORE,ASSET,
188,,,DESIGN_DEVELOPMENT,INDIA,Cloud Monitoring,TNM,00:15.0,00:15.0,Cloud Monitoring,,ACTIVE,,OFFSHORE,ASSET,
189,,,DESIGN_DEVELOPMENT,INDIA,Marvell,TNM,00:15.0,00:15.0,Marvell,,ACTIVE,,OFFSHORE,CUSTOMER,
190,,,DESIGN_DEVELOPMENT,INDIA,Raw Tibco,TNM,00:15.0,00:15.0,Raw Tibco,,ACTIVE,,OFFSHORE,CUSTOMER,
191,,,DESIGN_DEVELOPMENT,INDIA,DownUnder Technologies,TNM,00:15.0,00:15.0,DownUnder Technologies,,ACTIVE,,OFFSHORE,CUSTOMER,
192,,,DESIGN_DEVELOPMENT,INDIA,Intuitive Surgical - UMA,TNM,00:15.0,00:15.0,Intuitive Surgical - UMA,,ACTIVE,,OFFSHORE,CUSTOMER,
193,,,DESIGN_DEVELOPMENT,INDIA,Intuitive Surgical - Memphis Project,TNM,00:15.0,00:15.0,Intuitive Surgical - Memphis Project,,ACTIVE,,OFFSHORE,CUSTOMER,
194,,,DESIGN_DEVELOPMENT,INDIA,Intuitive Surgical - ALM Project,TNM,00:15.0,00:15.0,Intuitive Surgical - ALM Project,,ACTIVE,,OFFSHORE,CUSTOMER,
195,,,DESIGN_DEVELOPMENT,INDIA,Reflexis Zebra -UT,TNM,00:15.0,00:15.0,Reflexis Zebra -UT,,ACTIVE,,OFFSHORE,CUSTOMER,
